City_ID,City,Country,Lat,Lng,Max Temp,Humidity,Cloudiness,Wind Speed,Current Description
0,Hilo,US,19.7297,-155.09,77.25,80,55,4.0,broken clouds
1,Chilakalurupet,IN,16.0833,80.1667,77.63,92,41,4.38,scattered clouds
2,Punta Arenas,CL,-53.15,-70.9167,46.51,93,100,11.5,light rain
3,Ancud,CL,-41.8697,-73.8203,53.22,88,95,8.66,light rain
4,Aksu,CN,41.1231,80.2644,46.26,53,75,3.53,broken clouds
5,Mataura,NZ,-46.1927,168.8643,61.84,66,24,0.83,few clouds
6,Puerto Ayora,EC,-0.7393,-90.3518,80.56,78,61,8.95,light rain
7,Hobart,AU,-42.8794,147.3294,63.27,86,20,4.61,few clouds
8,Castro,BR,-24.7911,-50.0119,64.0,95,96,4.32,overcast clouds
9,Albany,US,42.6001,-73.9662,45.03,87,97,1.99,moderate rain
10,Busselton,AU,-33.65,115.3333,62.28,79,96,17.54,overcast clouds
11,Tessalit,ML,20.1986,1.0114,85.95,11,91,14.25,overcast clouds
12,Ushuaia,AR,-54.8,-68.3,46.06,93,75,11.5,moderate rain
13,Barrow,US,71.2906,-156.7887,1.42,71,0,20.71,haze
14,Sitka,US,57.0531,-135.33,44.49,57,40,5.75,scattered clouds
15,New Norfolk,AU,-42.7826,147.0587,62.92,66,2,2.73,clear sky
16,Ilulissat,GL,69.2167,-51.1,13.17,83,100,4.5,overcast clouds
17,Faanui,PF,-16.4833,-151.75,82.18,72,47,12.8,scattered clouds
18,Bethel,US,41.3712,-73.414,45.64,82,100,13.0,light rain
19,Avera,US,33.194,-82.5271,65.71,34,0,16.82,clear sky
20,Severo-Kurilsk,RU,50.6789,156.125,32.88,95,100,19.13,light snow
21,Bowen,AU,-20.0167,148.2333,79.36,74,64,10.89,broken clouds
22,Waddan,LY,29.1614,16.139,60.58,16,0,15.43,clear sky
23,Hithadhoo,MV,-0.6,73.0833,82.56,69,1,11.18,clear sky
24,Saint-Philippe,RE,-21.3585,55.7679,76.59,83,16,7.2,few clouds
25,Bambous Virieux,MU,-20.3428,57.7575,79.21,89,40,4.61,scattered clouds
26,Port Hedland,AU,-20.3167,118.5667,82.45,74,9,6.91,clear sky
27,Khatanga,RU,71.9667,102.5,-14.17,100,66,7.56,broken clouds
28,Eslov,SE,55.8393,13.3039,42.03,55,19,5.5,few clouds
29,Caconda,AO,-13.7333,15.0667,61.9,80,100,1.86,overcast clouds
30,Mangan,IN,27.5167,88.5333,63.97,48,4,5.95,clear sky
31,Hermanus,ZA,-34.4187,19.2345,64.8,79,61,11.68,broken clouds
32,Santa Rosa,PH,14.3122,121.1114,83.1,71,6,7.67,clear sky
33,Pangnirtung,CA,66.1451,-65.7125,15.39,75,98,7.58,overcast clouds
34,Kapaa,US,22.0752,-159.319,80.19,61,14,7.0,few clouds
35,Santa Cruz,BO,-17.8,-63.1667,78.85,44,40,4.61,scattered clouds
36,Santa Marta,CO,11.2408,-74.199,87.85,70,75,13.8,broken clouds
37,Rikitea,PF,-23.1203,-134.9692,79.3,72,3,13.42,clear sky
38,Hamilton,US,39.1834,-84.5333,38.61,65,100,21.85,overcast clouds
39,Asau,RO,46.4333,26.4,54.52,41,91,12.86,overcast clouds
40,Port Blair,IN,11.6667,92.75,77.04,100,20,2.3,mist
41,Jalu,LY,29.0331,21.5482,58.53,20,0,10.02,clear sky
42,Pawa,PH,13.1747,123.7328,79.14,84,97,6.33,overcast clouds
43,Avarua,CK,-21.2078,-159.775,78.85,89,75,14.97,light rain
44,Praia Da Vitoria,PT,38.7333,-27.0667,59.25,94,75,22.1,broken clouds
45,Carnarvon,AU,-24.8667,113.6333,71.67,78,44,0.0,scattered clouds
46,Nexo,DK,55.0607,15.1306,37.49,65,63,10.83,broken clouds
47,Ostrovnoy,RU,68.0531,39.5131,22.42,57,100,16.26,overcast clouds
48,Floro,NO,61.5996,5.0328,42.96,87,100,10.36,mist
49,Namibe,AO,-15.1961,12.1522,72.41,73,11,7.78,few clouds
50,Fortuna,US,40.5982,-124.1573,63.86,75,0,13.8,clear sky
51,Bluff,NZ,-46.6,168.3333,57.54,75,58,2.73,broken clouds
52,Ahipara,NZ,-35.1667,173.1667,71.35,62,1,8.1,clear sky
53,Butaritari,KI,3.0707,172.7902,81.61,74,99,13.29,overcast clouds
54,Ponta Do Sol,PT,32.6667,-17.1,66.06,83,100,17.2,overcast clouds
55,Port Elizabeth,ZA,-33.918,25.5701,64.69,91,75,5.75,broken clouds
56,Lokosovo,RU,61.1333,74.8167,11.8,92,82,9.46,broken clouds
57,Cape Town,ZA,-33.9258,18.4232,65.26,69,0,9.22,clear sky
58,Moron,AR,-34.6534,-58.6198,69.55,79,8,4.83,clear sky
59,Nikolskoye,RU,59.7035,30.7861,26.49,75,100,18.16,overcast clouds
60,Kaitangata,NZ,-46.2817,169.8464,60.28,68,24,0.87,few clouds
61,Provideniya,RU,64.3833,-173.3,21.4,80,100,0.69,overcast clouds
62,Lima,PE,-12.0432,-77.0282,71.85,63,0,10.36,clear sky
63,Havre-Saint-Pierre,CA,50.2334,-63.5986,32.36,93,100,8.05,overcast clouds
64,Bathsheba,BB,13.2167,-59.5167,79.41,69,20,17.27,few clouds
65,Douglas,US,41.3,-96.167,47.52,27,40,9.22,scattered clouds
66,Talaya,RU,61.3833,152.75,3.02,90,99,1.25,overcast clouds
67,Katav-Ivanovsk,RU,54.7531,58.1956,11.84,93,36,4.47,scattered clouds
68,Nizwa,OM,22.9333,57.5333,76.26,17,6,4.07,clear sky
69,Dikson,RU,73.5069,80.5464,-7.58,98,100,12.59,overcast clouds
70,Tairua,NZ,-37.0167,175.85,61.57,72,100,8.95,overcast clouds
71,Kapiri Mposhi,ZM,-13.9652,28.6809,64.27,95,83,2.37,broken clouds
72,Collierville,US,35.042,-89.6645,62.1,27,0,9.22,clear sky
73,Inirida,CO,3.8653,-67.9239,73.09,98,98,1.23,overcast clouds
74,Abu Samrah,SY,35.3029,37.1841,44.44,79,35,13.38,scattered clouds
75,Vestmanna,FO,62.1564,-7.1664,45.52,87,75,10.36,broken clouds
76,Upernavik,GL,72.7868,-56.1549,12.72,92,100,5.86,overcast clouds
77,Tena,EC,-0.9833,-77.8167,71.76,99,96,1.43,light rain
78,Yerbogachen,RU,61.2767,108.0108,18.57,94,100,10.4,light snow
79,Atocha,BO,-20.9333,-66.2333,53.53,17,6,9.42,clear sky
80,Atuona,PF,-9.8,-139.0333,79.41,77,34,14.99,scattered clouds
81,Sudak,UA,44.85,34.9667,43.93,69,20,14.29,few clouds
82,Puerto Madryn,AR,-42.7692,-65.0385,68.31,43,1,10.0,clear sky
83,San Cristobal,VE,7.7669,-72.225,80.78,72,100,3.69,overcast clouds
84,Qinhuangdao,CN,39.9317,119.5883,41.9,30,40,6.2,scattered clouds
85,Vaini,TO,-21.2,-175.2,82.56,74,40,6.91,scattered clouds
86,Laguna,US,38.421,-121.4238,81.43,36,0,9.22,clear sky
87,Bukachacha,RU,52.9833,116.9167,11.84,98,79,2.66,broken clouds
88,Langxiang,CN,46.95,128.8833,29.12,85,86,6.91,overcast clouds
89,Naron,ES,43.5167,-8.1528,61.03,80,91,3.06,overcast clouds
90,Pisco,PE,-13.7,-76.2167,73.45,64,0,12.66,clear sky
91,Lucea,JM,18.451,-78.1736,80.46,68,89,9.53,overcast clouds
92,Torbay,CA,47.6666,-52.7314,37.27,96,100,18.41,light rain
93,Shingu,JP,33.7333,135.9833,59.76,83,65,6.87,broken clouds
94,Imbituba,BR,-28.24,-48.6703,68.52,78,4,1.54,light rain
95,Kawalu,ID,-7.3817,108.2082,71.42,92,97,1.72,overcast clouds
96,Athabasca,CA,54.7169,-113.2854,23.41,84,100,11.41,overcast clouds
97,Mustasaari,FI,63.1142,21.6822,26.89,58,0,4.61,clear sky
98,Sao Jose Da Coroa Grande,BR,-8.8978,-35.1478,78.73,84,91,4.03,overcast clouds
99,Padang,ID,-0.9492,100.3543,75.56,85,7,5.21,clear sky
100,Qaanaaq,GL,77.484,-69.3632,-3.28,93,99,4.03,overcast clouds
101,Georgetown,MY,5.4112,100.3354,80.53,88,20,3.44,few clouds
102,Ewa Beach,US,21.3156,-158.0072,81.01,48,2,13.0,clear sky
103,Naruto,JP,34.1833,134.6167,57.18,67,75,14.97,broken clouds
104,Shirgaon,IN,19.7,72.7,77.04,79,2,3.02,clear sky
105,Olinda,BR,-8.0089,-34.8553,82.13,78,40,5.75,scattered clouds
106,Marshall,US,34.3834,-86.3333,64.45,16,0,18.41,clear sky
107,Ribeira Grande,PT,38.5167,-28.7,61.02,85,99,20.76,overcast clouds
108,Sept-Iles,CA,50.2001,-66.3821,32.43,95,100,6.91,mist
109,Narsaq,GL,60.9167,-46.05,19.17,80,16,4.56,few clouds
110,San Quintin,MX,30.4833,-115.95,65.89,70,20,9.8,few clouds
111,East London,ZA,-33.0153,27.9116,66.87,87,93,9.89,light rain
112,Muros,ES,42.7762,-9.0603,54.09,88,99,6.13,overcast clouds
113,Tulle,FR,45.3333,1.8333,45.54,66,18,3.11,few clouds
114,Cayenne,GF,4.9333,-52.3333,80.1,1,75,7.0,broken clouds
115,Damaturu,NG,11.747,11.9608,73.62,15,53,9.98,broken clouds
116,Maningrida,AU,-12.0667,134.2667,79.12,72,74,5.28,broken clouds
117,Solnechnyy,RU,50.7214,136.6319,21.38,93,100,11.83,snow
118,Tuktoyaktuk,CA,69.4541,-133.0374,-5.8,65,40,13.8,scattered clouds
119,Znamenskoye,RU,57.1281,73.8282,-6.47,100,52,3.29,broken clouds
120,Verkhoyansk,RU,67.5447,133.385,-2.92,95,96,2.86,overcast clouds
121,Chuy,UY,-33.6971,-53.4616,65.05,78,40,11.68,scattered clouds
122,Kaputa,ZM,-8.4689,29.6619,68.22,90,48,2.04,light rain
123,Shivrajpur,IN,22.4167,73.65,80.26,26,4,3.83,clear sky
124,Svetlaya,RU,46.5389,138.3297,35.17,89,100,6.33,light snow
125,Aklavik,CA,68.2191,-135.0107,5.0,56,0,8.05,clear sky
126,Pointe Michel,DM,15.25,-61.3833,79.09,73,58,12.17,broken clouds
127,Phek,IN,25.6667,94.5,46.2,96,24,2.24,few clouds
128,Beisfjord,NO,68.3751,17.5988,23.05,93,100,5.41,overcast clouds
129,Thompson,CA,55.7435,-97.8558,3.36,43,0,12.66,clear sky
130,Tres Barras,BR,-26.1064,-50.3222,60.17,67,48,2.53,scattered clouds
131,Aitape,PG,-3.1374,142.3475,81.09,81,91,3.38,overcast clouds
132,Nganjuk,ID,-7.6051,111.9035,74.71,92,100,2.55,overcast clouds
133,Aripuana,BR,-9.1667,-60.6333,74.73,97,97,0.6,overcast clouds
134,Kabare,CD,-2.4683,28.8242,60.89,93,100,1.01,overcast clouds
135,Saskylakh,RU,71.9167,114.0833,-27.31,100,100,3.02,overcast clouds
136,Mana,GF,5.6592,-53.7767,77.14,86,80,12.19,broken clouds
137,Kahului,US,20.8947,-156.47,74.84,86,84,8.01,broken clouds
138,Deputatskiy,RU,69.3,139.9,-6.61,91,43,5.17,scattered clouds
139,Mpika,ZM,-11.8343,31.4529,62.78,97,76,3.15,light rain
140,Saint-Joseph,RE,-21.3667,55.6167,75.58,82,23,7.07,few clouds
141,Tibati,CM,6.4667,12.6333,72.9,23,42,0.56,scattered clouds
142,Chokurdakh,RU,70.6333,147.9167,-0.44,95,99,9.13,overcast clouds
143,Port Hardy,CA,50.6996,-127.4199,48.38,81,75,8.05,broken clouds
144,Nanortalik,GL,60.1432,-45.2371,26.49,86,11,3.76,few clouds
145,Axim,GH,4.8699,-2.2405,80.38,83,90,2.82,overcast clouds
146,Payo,ID,-3.7508,103.6372,71.01,92,42,1.54,scattered clouds
147,Samarai,PG,-10.6167,150.6667,84.52,70,100,6.64,overcast clouds
148,Jamestown,US,42.097,-79.2353,33.03,54,98,5.99,overcast clouds
149,Victoria,HK,22.2855,114.1577,75.94,87,57,3.0,broken clouds
150,Grindavik,IS,63.8424,-22.4338,40.95,100,100,8.05,light intensity drizzle
151,San Patricio,US,28.017,-97.5169,89.55,37,9,15.86,clear sky
152,Erzin,TR,36.9559,36.2,41.72,77,64,1.79,broken clouds
153,Galesong,ID,-5.3166,119.3661,75.22,83,86,3.15,overcast clouds
154,Harper,LR,4.375,-7.7169,79.95,87,95,7.0,light rain
155,Rangapara,IN,26.8167,92.65,68.81,76,8,7.54,clear sky
156,Gopalpur,IN,19.2667,84.9167,78.82,89,67,14.25,broken clouds
157,Beryslav,UA,46.8415,33.4284,48.13,53,100,20.94,overcast clouds
158,Iqaluit,CA,63.7506,-68.5145,20.93,86,40,13.8,scattered clouds
159,Salalah,OM,17.0151,54.0924,76.69,42,38,0.27,scattered clouds
160,Port Alfred,ZA,-33.5906,26.891,64.18,88,87,12.41,overcast clouds
161,Bone,DE,51.9669,12.1396,51.82,79,98,3.22,overcast clouds
162,Wenden,DE,50.9667,7.8667,50.58,73,4,3.87,clear sky
163,Kalaleh,IR,37.3807,55.4916,45.12,69,1,2.28,clear sky
164,Buchanan,LR,5.8808,-10.0467,78.8,89,99,2.28,light rain
165,Olafsvik,IS,64.8945,-23.7142,36.5,71,100,16.08,overcast clouds
166,Paamiut,GL,61.994,-49.6678,21.72,87,4,3.96,clear sky
167,Bredasdorp,ZA,-34.5322,20.0403,62.44,79,57,8.59,broken clouds
168,Dunedin,NZ,-45.8742,170.5036,63.81,68,52,3.29,broken clouds
169,Nueva Guinea,NI,11.6876,-84.4562,81.97,54,76,14.27,broken clouds
170,Yellowknife,CA,62.456,-114.3525,5.52,60,75,13.8,light snow
171,Vardo,NO,70.3705,31.1107,26.89,61,100,29.28,snow
172,Ptichye,RU,45.5168,41.7115,40.46,82,8,23.44,clear sky
173,Meulaboh,ID,4.1363,96.1285,76.82,85,67,5.03,broken clouds
174,Usagara,TZ,-2.6833,33.0,68.22,81,73,0.36,light rain
175,Araouane,ML,18.9048,-3.5265,83.79,21,24,6.69,few clouds
176,Sao Miguel Do Araguaia,BR,-13.275,-50.1628,79.25,72,83,0.83,broken clouds
177,Strezhevoy,RU,60.7333,77.5889,10.49,95,50,8.21,scattered clouds
178,Henties Bay,NA,-22.116,14.2845,64.26,81,0,3.51,clear sky
179,Cidreira,BR,-30.1811,-50.2056,69.49,71,77,10.56,broken clouds
180,Tuatapere,NZ,-46.1333,167.6833,60.98,68,27,0.98,scattered clouds
181,La Romana,DO,18.4273,-68.9728,80.96,74,20,13.8,few clouds
182,Kompaniyivka,UA,48.2511,32.208,46.92,70,74,19.26,broken clouds
183,Kaili,ID,-3.4626,120.2147,67.69,83,98,3.04,overcast clouds
184,Lagoa,PT,39.05,-27.9833,59.76,87,79,26.91,broken clouds
185,Lasa,IT,46.6166,10.7002,44.02,66,4,1.21,clear sky
186,Qorveh,IR,35.1664,47.8045,30.45,74,1,4.76,clear sky
187,Praia,CV,14.9215,-23.5087,68.54,73,20,10.36,few clouds
188,Markala,ML,13.7021,-6.0659,91.0,27,14,7.54,few clouds
189,Esperance,AU,-33.8667,121.9,66.04,90,100,11.01,overcast clouds
190,Tamandare,BR,-8.7597,-35.1047,78.55,84,92,3.42,overcast clouds
191,Kutum,SD,14.2,24.6667,60.06,14,1,12.53,clear sky
192,Maridi,SS,4.9158,29.4742,73.67,62,55,4.72,broken clouds
193,Mahebourg,MU,-20.4081,57.7,79.25,89,40,4.61,scattered clouds
194,Santa Isabel Do Rio Negro,BR,-0.4139,-65.0192,75.56,97,96,2.68,light rain
195,Baruun-Urt,MN,46.6806,113.2792,18.14,41,0,8.03,clear sky
196,Arraial Do Cabo,BR,-22.9661,-42.0278,77.45,90,11,10.6,few clouds
197,Coquimbo,CL,-29.9533,-71.3436,64.13,72,20,11.5,few clouds
198,Dhidhdhoo,MV,6.8833,73.1,81.18,69,2,3.76,clear sky
199,Dali,CN,25.7,100.1833,52.11,87,80,3.29,broken clouds
200,Kodiak,US,57.79,-152.4072,38.48,81,95,5.32,overcast clouds
201,Carolina,PR,18.3808,-65.9574,78.76,79,27,9.46,scattered clouds
202,Margate,GB,51.3813,1.3862,49.3,85,3,4.0,clear sky
203,Pevek,RU,69.7008,170.3133,0.05,94,98,8.37,overcast clouds
204,Lahaina,US,20.8783,-156.6825,74.8,86,60,13.22,broken clouds
205,Christchurch,NZ,-43.5333,172.6333,68.41,74,3,3.44,clear sky
206,Matamoros,MX,25.5333,-103.25,83.91,7,100,9.13,overcast clouds
207,Puerto Carreno,CO,6.189,-67.4859,89.58,51,100,8.05,overcast clouds
208,Tiznit,MA,29.5833,-9.5,57.6,69,0,2.44,clear sky
209,Nouadhibou,MR,20.931,-17.0347,62.58,94,42,11.5,scattered clouds
210,Sandnessjoen,NO,66.0217,12.6316,32.65,74,100,3.0,light snow
211,Grand Gaube,MU,-20.0064,57.6608,79.38,83,7,4.0,clear sky
212,Mar Del Plata,AR,-38.0023,-57.5575,61.88,96,75,11.99,broken clouds
213,Marsa Matruh,EG,31.3525,27.2453,56.77,70,0,9.42,clear sky
214,Newport,GB,51.5877,-2.9984,54.14,80,0,9.82,clear sky
215,Mogadishu,SO,2.0371,45.3438,80.87,81,20,10.47,few clouds
216,Antalaha,MG,-14.9003,50.2788,75.81,91,10,4.74,clear sky
217,Mattawa,US,46.7379,-119.9028,68.02,36,100,4.0,overcast clouds
218,Necochea,AR,-38.5473,-58.7368,62.01,88,98,14.72,overcast clouds
219,Oriximina,BR,-1.7656,-55.8661,76.62,94,37,3.53,scattered clouds
220,Lusambo,CD,-4.9667,23.45,71.69,84,100,1.61,overcast clouds
221,Nouakchott,MR,18.0858,-15.9785,64.33,79,5,13.04,clear sky
222,Saint George,US,37.1041,-113.5841,89.26,10,100,5.01,overcast clouds
223,Fukuchiyama,JP,35.3,135.1167,49.78,89,100,6.89,overcast clouds
224,Bengkulu,ID,-3.8004,102.2655,74.14,88,76,6.78,broken clouds
225,Mumford,GH,5.2618,-0.759,81.41,86,100,7.36,overcast clouds
226,Constitucion,CL,-35.3333,-72.4167,54.88,85,63,10.11,broken clouds
227,Coahuayana,MX,18.7333,-103.6833,86.02,27,3,7.0,clear sky
228,Airai,TL,-8.9266,125.4092,63.5,82,63,1.12,broken clouds
229,Bac Lieu,VN,9.285,105.7244,81.05,81,3,4.63,clear sky
230,Luderitz,NA,-26.6481,15.1594,63.9,71,0,7.92,clear sky
231,Fort-Shevchenko,KZ,44.5086,50.263,41.2,85,79,14.79,broken clouds
232,Inhambane,MZ,-23.865,35.3833,73.51,89,99,6.98,light rain
233,Svetlyy,RU,54.675,20.1347,37.45,62,65,15.37,broken clouds
234,Caravelas,BR,-17.7125,-39.2481,78.26,82,11,6.8,few clouds
235,Sola,VU,-13.8833,167.55,82.87,71,95,8.41,overcast clouds
236,Suntar,RU,62.1444,117.6319,3.02,100,97,2.98,overcast clouds
237,Sume,BR,-7.6717,-36.88,73.45,88,87,8.37,overcast clouds
238,Ambunti,PG,-4.2365,142.8448,78.91,87,90,0.56,overcast clouds
239,Yala,TH,6.3333,101.25,73.06,97,7,2.13,light rain
240,Sahuaripa,MX,29.05,-109.2333,94.57,5,42,13.96,scattered clouds
241,Vanimo,PG,-2.6741,141.3028,79.72,87,100,3.69,light rain
242,Bud,US,39.447,-86.1758,36.75,63,96,14.79,overcast clouds
243,Manali,IN,13.1667,80.2667,82.49,91,1,9.53,clear sky
244,Komsomolets,KZ,53.7453,62.0708,-7.1,100,98,3.36,overcast clouds
245,Klaksvik,FO,62.2266,-6.589,47.32,78,100,22.75,overcast clouds
246,Cockburn Town,TC,21.4612,-71.1419,80.56,69,40,8.05,scattered clouds
247,Los Llanos De Aridane,ES,28.6585,-17.9182,60.55,91,75,21.85,moderate rain
248,Sinnamary,GF,5.3833,-52.95,77.27,86,86,13.38,light rain
249,Plouzane,FR,48.3833,-4.6167,50.32,71,0,8.05,mist
250,Lavrentiya,RU,65.5833,-171.0,13.08,89,100,2.24,overcast clouds
251,Longyearbyen,SJ,78.2186,15.6401,-4.16,77,20,10.36,few clouds
252,Hurricane,US,37.1753,-113.2899,87.33,11,100,9.64,overcast clouds
253,Kloulklubed,PW,7.0419,134.2556,82.26,78,100,13.51,light rain
254,Te Anau,NZ,-45.4167,167.7167,58.35,73,59,0.94,broken clouds
255,Boyolangu,ID,-8.1181,111.8935,75.49,89,99,1.07,overcast clouds
256,Rio Grande,BR,-32.035,-52.0986,67.95,69,92,14.18,overcast clouds
257,Emilio Carranza,MX,19.9711,-96.6114,73.36,55,41,11.21,scattered clouds
258,Sonkovo,RU,57.7782,37.1571,26.13,92,100,19.95,light snow
259,The Valley,AI,18.217,-63.0578,80.46,69,20,11.5,few clouds
260,Muzhi,RU,65.3667,64.6667,-7.01,99,97,5.59,overcast clouds
261,Murgud,IN,16.4,74.2,73.63,73,45,2.62,scattered clouds
262,Eresos,GR,39.1667,25.9333,52.38,50,0,2.48,clear sky
263,Rocha,UY,-34.4833,-54.3333,65.26,83,85,11.83,overcast clouds
264,Mount Isa,AU,-20.7333,139.5,78.57,22,1,11.5,clear sky
265,Souillac,MU,-20.5167,57.5167,79.18,89,40,4.61,scattered clouds
266,Lebu,CL,-37.6167,-73.65,57.02,82,56,5.23,broken clouds
267,Makat,KZ,47.6469,53.3463,36.46,65,45,10.38,scattered clouds
268,Qui Nhon,VN,13.7667,109.2333,76.78,88,0,4.05,clear sky
269,Geraldton,AU,-28.7667,114.6,70.21,94,75,3.44,broken clouds
270,Tiksi,RU,71.6872,128.8694,-13.11,100,98,3.15,overcast clouds
271,Ambon,ID,-3.6954,128.1814,78.94,89,20,4.61,few clouds
272,Wufeng,CN,27.45,104.8333,36.34,92,100,2.46,overcast clouds
273,Mweka,CD,-4.85,21.5667,71.83,82,100,1.99,overcast clouds
274,Hami,CN,42.8,93.45,44.38,31,68,4.79,broken clouds
275,Thunder Bay,CA,48.4001,-89.3168,21.18,45,40,21.85,scattered clouds
276,Komsomolskiy,UZ,40.4272,71.7189,52.93,74,100,13.94,light rain
277,Flinders,AU,-34.5833,150.8552,69.39,93,100,4.0,overcast clouds
278,Taksimo,RU,56.3444,114.8794,5.81,86,79,1.52,broken clouds
279,Zabol,AF,32.25,67.25,57.83,23,0,4.05,clear sky
280,Vila Franca Do Campo,PT,37.7167,-25.4333,59.41,88,100,20.4,overcast clouds
281,Shimoda,JP,34.6667,138.95,60.1,86,83,12.17,broken clouds
282,Oum Hadjer,TD,13.2954,19.6966,76.68,12,11,13.09,few clouds
283,Saldanha,ZA,-33.0117,17.9442,64.08,76,40,4.65,scattered clouds
284,Cabo San Lucas,MX,22.8909,-109.9124,82.18,47,31,6.87,scattered clouds
285,Vila,PT,42.0304,-8.1588,49.08,80,90,4.45,overcast clouds
286,Moerai,PF,-22.4333,-151.3333,81.16,74,64,10.51,broken clouds
287,Dumka,IN,24.2667,87.25,76.17,18,5,2.33,clear sky
288,Vestmannaeyjar,IS,63.4427,-20.2734,46.42,94,100,16.93,overcast clouds
289,Oarai,JP,36.3167,140.6,63.34,82,100,6.78,overcast clouds
290,Patterson,US,37.4716,-121.1297,82.02,34,89,5.55,overcast clouds
291,Imeni Poliny Osipenko,RU,52.4201,136.4853,19.09,90,100,18.54,overcast clouds
292,Dzaoudzi,YT,-12.7887,45.2699,82.29,89,40,1.14,scattered clouds
293,Flin Flon,CA,54.7682,-101.865,10.35,62,84,6.76,broken clouds
294,Plettenberg Bay,ZA,-34.0527,23.3716,61.65,86,4,4.74,clear sky
295,Xining,CN,36.6167,101.7667,29.82,61,63,2.48,broken clouds
296,Gallup,US,35.5281,-108.7426,75.96,9,97,3.0,overcast clouds
297,San Luis,AR,-33.295,-66.3356,64.63,34,0,6.49,clear sky
298,Nadym,RU,65.5333,72.5167,0.91,97,66,6.85,broken clouds
299,Kavaratti,IN,10.5669,72.642,81.3,71,1,3.71,clear sky
300,Kavieng,PG,-2.5744,150.7967,83.28,69,100,2.48,overcast clouds
301,Hay River,CA,60.8156,-115.7999,16.25,92,100,7.74,light snow
302,Tezu,IN,27.9167,96.1667,64.78,87,99,4.45,overcast clouds
303,Fairbanks,US,64.8378,-147.7164,35.98,54,100,0.67,overcast clouds
304,Buraydah,SA,26.326,43.975,55.69,28,0,9.28,clear sky
305,Rognan,NO,67.0953,15.3878,32.14,92,100,6.33,light snow
306,Digoin,FR,46.4812,3.9795,42.33,88,0,1.01,clear sky
307,Pimentel,PE,-6.8367,-79.9342,71.55,80,100,12.08,overcast clouds
308,Berlevag,NO,70.8578,29.0864,21.0,65,100,24.54,light snow
309,Honningsvag,NO,70.9821,25.9704,24.55,80,100,14.97,overcast clouds
310,Onega,RU,63.9061,38.1404,19.76,71,100,21.07,overcast clouds
311,Arawa,PG,-6.2132,155.5367,83.64,73,98,3.27,overcast clouds
312,Yanam,IN,16.7333,82.2167,75.11,96,33,3.4,scattered clouds
313,Catamarca,AR,-28.4696,-65.7852,70.59,54,0,9.71,clear sky
314,Ganserndorf,AT,48.3392,16.7202,54.99,55,37,7.49,scattered clouds
315,Phangnga,TH,8.4509,98.5298,77.04,93,2,2.44,clear sky
316,Atasu,KZ,48.6814,71.6433,30.52,91,96,9.6,overcast clouds
317,Husavik,IS,66.0449,-17.3389,40.33,87,100,10.51,overcast clouds
318,Neustadt,DE,49.7117,12.0872,46.15,76,5,3.96,clear sky
319,Whitehorse,CA,60.7161,-135.0538,37.02,52,92,5.01,overcast clouds
320,Port Augusta,AU,-32.5,137.7667,75.31,37,0,1.1,clear sky
321,Tual,ID,-5.6667,132.75,82.36,75,100,14.92,overcast clouds
322,Bow Island,CA,49.8668,-111.3684,51.62,35,25,10.85,scattered clouds
323,Hasaki,JP,35.7333,140.8333,63.28,83,100,14.72,overcast clouds
324,Mezen,RU,65.8522,44.24,15.03,65,100,16.06,overcast clouds
325,Katsuura,JP,35.1333,140.3,60.82,89,100,7.38,overcast clouds
326,Mnogovershinnyy,RU,53.9353,139.9242,15.8,95,100,11.25,light snow
327,Ballina,AU,-28.8667,153.5667,68.02,96,98,5.75,light rain
328,Dariba,IN,24.95,74.1333,76.48,12,2,8.46,clear sky
329,Tarko-Sale,RU,64.9225,77.785,-5.12,100,81,5.5,broken clouds
330,Vytegra,RU,61.0064,36.4481,20.52,88,100,21.21,light snow
331,Ustye,RU,59.6304,39.736,26.26,94,93,14.65,light snow
332,Abu Dhabi,AE,24.4667,54.3667,73.96,69,0,1.01,clear sky
333,Kununurra,AU,-15.7667,128.7333,78.78,89,81,0.0,broken clouds
334,Yaan,NG,7.3833,8.5667,84.96,43,59,5.17,broken clouds
335,Hailar,CN,49.2,119.7,16.27,90,70,7.36,broken clouds
336,Tasiilaq,GL,65.6145,-37.6368,21.36,64,1,8.95,clear sky
337,Ryotsu,JP,38.0833,138.4333,47.95,83,97,9.75,overcast clouds
338,Codrington,AU,-38.2667,141.9667,67.95,44,0,6.93,clear sky
339,Keffi,NG,8.8486,7.8736,83.61,17,20,5.12,few clouds
340,Wageningen,NL,51.9667,5.6667,50.04,92,4,6.91,clear sky
341,Kruisfontein,ZA,-34.0033,24.7314,60.89,94,45,2.21,scattered clouds
342,Vostok,RU,46.4856,135.8833,26.69,91,100,9.1,light snow
343,Oranjemund,NA,-28.55,16.4333,59.68,83,0,3.51,clear sky
344,Aswan,EG,24.0934,32.907,57.63,26,0,11.48,clear sky
345,Bonavista,CA,48.6499,-53.1147,31.71,97,100,9.73,overcast clouds
346,Pouembout,NC,-21.1333,164.9,82.31,63,88,3.06,overcast clouds
347,Saint Anthony,US,45.0205,-93.218,32.9,32,0,17.27,clear sky
348,Talnakh,RU,69.4865,88.3972,-0.2,79,82,3.94,broken clouds
349,Launceston,AU,-41.45,147.1667,65.84,79,75,6.91,broken clouds
350,Bhinmal,IN,25.0,72.25,76.8,22,1,7.61,clear sky
351,Alice Springs,AU,-23.7,133.8833,69.22,32,4,4.61,clear sky
352,Sao Felix Do Xingu,BR,-6.6447,-51.995,73.87,96,51,2.06,broken clouds
353,Kamenka,RU,51.3223,42.7678,36.75,97,100,20.0,light rain
354,Mercedes,AR,-34.6515,-59.4307,64.85,80,3,6.96,clear sky
355,Guerrero Negro,MX,27.9769,-114.0611,74.52,43,25,12.08,scattered clouds
356,Bursa,TR,40.1667,29.0833,24.84,73,2,2.71,clear sky
357,Ketchikan,US,55.3422,-131.6461,43.63,84,100,3.94,overcast clouds
358,Saint-Pierre,RE,-21.3393,55.4781,76.68,74,0,4.61,clear sky
359,Kailua,US,21.4022,-157.7394,82.08,62,33,5.01,scattered clouds
360,Lincoln,US,40.8,-96.667,51.17,27,83,5.01,broken clouds
361,Kapoeta,SS,4.7717,33.5903,83.84,47,99,12.21,overcast clouds
362,Watertown,US,42.3709,-71.1828,47.28,81,100,11.5,overcast clouds
363,Mehamn,NO,71.0357,27.8492,23.31,69,100,20.92,light snow
364,Robertsport,LR,6.7533,-11.3686,80.15,89,73,4.68,broken clouds
365,Srednekolymsk,RU,67.45,153.6833,2.62,92,99,14.03,overcast clouds
366,Wattegama,LK,6.7989,81.4808,72.16,95,1,1.66,clear sky
367,Maldonado,UY,-34.6667,-54.9167,67.39,85,99,13.02,overcast clouds
368,Tambura,SS,5.6,27.4667,76.06,24,96,1.57,overcast clouds
369,Tarabuco,BO,-19.1667,-64.9167,47.1,86,92,4.61,overcast clouds
370,Belmonte,BR,-15.8631,-38.8828,78.55,81,1,8.03,clear sky
371,Severo-Yeniseyskiy,RU,60.3725,93.0408,6.4,89,100,12.84,overcast clouds
372,Hofn,IS,64.2539,-15.2082,45.03,94,100,8.95,overcast clouds
373,Bojnurd,IR,37.4747,57.329,38.46,69,8,0.47,clear sky
374,Acarau,BR,-2.8856,-40.12,77.99,87,90,9.75,overcast clouds
375,Naze,JP,28.3667,129.4833,59.43,85,100,9.31,overcast clouds
376,Clyde River,CA,70.4692,-68.5914,-1.97,78,100,10.36,light snow
377,Edd,ER,13.9297,41.6925,76.08,74,93,8.88,overcast clouds
378,Khani,GE,41.9563,42.9566,27.97,90,85,5.35,overcast clouds
379,Ipixuna,BR,-1.7625,-48.8043,75.15,96,94,5.88,very heavy rain
380,Brigantine,US,39.4101,-74.3646,50.0,54,20,19.57,few clouds
381,Dingle,PH,10.9995,122.6711,78.8,84,85,7.16,light rain
382,Lata,PT,40.1629,-8.3327,55.08,82,42,5.86,scattered clouds
383,Arman,RU,59.7,150.1667,9.34,74,12,5.17,few clouds
384,Fukue,JP,32.6881,128.8419,56.39,75,94,10.65,overcast clouds
385,Tilichiki,RU,60.4667,166.1,12.27,81,44,2.51,scattered clouds
386,Mendeleyevo,RU,56.0333,37.2167,28.18,74,75,22.37,light snow
387,San Juan,AR,-31.5375,-68.5364,75.63,16,0,8.34,clear sky
388,Nisia Floresta,BR,-6.0911,-35.2086,77.7,88,100,4.83,overcast clouds
389,Lodja,CD,-3.4833,23.4333,69.3,89,100,2.64,light rain
390,Cherskiy,RU,68.75,161.3,-4.65,93,100,7.63,overcast clouds
391,Camopi,GF,3.1655,-52.3158,72.19,99,100,2.84,overcast clouds
392,Norman Wells,CA,65.282,-126.8329,8.31,84,100,7.87,overcast clouds
393,Port Saint Lucie,US,27.2939,-80.3503,78.03,49,0,5.99,clear sky
394,Takoradi,GH,4.8845,-1.7554,81.3,80,100,2.95,overcast clouds
395,Boa Vista,BR,2.8197,-60.6733,78.69,72,99,9.48,overcast clouds
396,San Policarpo,PH,12.1791,125.5072,80.76,81,100,12.88,overcast clouds
397,Alenquer,BR,-1.9417,-54.7383,75.92,93,60,3.62,broken clouds
398,Gashua,NG,12.871,11.0482,75.27,11,13,11.36,few clouds
399,Monywa,MM,22.1167,95.1333,79.59,53,69,8.08,broken clouds
400,Briancon,FR,44.9,6.65,42.62,70,17,5.01,few clouds
401,Sri Aman,MY,1.2376,111.4621,72.55,99,99,0.83,overcast clouds
402,At-Bashi,KG,41.1702,75.8106,34.77,75,99,1.21,light snow
403,La Seyne-Sur-Mer,FR,43.0982,5.8847,60.62,50,100,5.01,overcast clouds
404,Vada,NL,51.97,5.6667,50.04,92,4,5.75,clear sky
405,Chinsali,ZM,-10.5414,32.0816,63.91,95,75,1.99,broken clouds
406,Okhotsk,RU,59.3833,143.3,6.39,82,30,6.76,scattered clouds
407,Lowestoft,GB,52.4752,1.7516,45.01,93,1,8.79,clear sky
408,Shieli,KZ,44.1667,66.75,39.79,69,10,22.46,clear sky
409,San Rafael,AR,-34.6177,-68.3301,73.38,19,0,12.77,clear sky
410,Puerto Narino,CO,-3.7703,-70.3831,76.17,92,100,0.87,light rain
411,Umm Kaddadah,SD,13.6017,26.6876,65.25,13,75,17.76,broken clouds
412,Broome,US,42.2506,-75.833,43.02,77,100,10.36,overcast clouds
413,Kudahuvadhoo,MV,2.6708,72.8944,80.96,68,3,6.64,clear sky
414,Leningradskiy,RU,69.3833,178.4167,3.11,78,4,2.19,clear sky
415,Port Lincoln,AU,-34.7333,135.8667,69.85,51,90,7.45,overcast clouds
416,Nanakuli,US,21.3906,-158.1547,84.15,44,0,10.36,clear sky
417,Sovetskiy,RU,61.3614,63.5842,16.97,94,93,10.49,overcast clouds
418,Wilmington,US,34.2257,-77.9447,64.31,27,20,18.41,few clouds
419,Kupang,ID,-10.1667,123.5833,79.21,86,91,0.74,overcast clouds
420,Bilibino,RU,68.0546,166.4372,1.87,87,100,12.75,overcast clouds
421,Tynda,RU,55.1667,124.7167,9.12,92,91,1.74,overcast clouds
422,Demerval Lobao,BR,-5.3583,-42.6764,75.4,93,100,3.49,overcast clouds
423,Petropavlovsk-Kamchatskiy,RU,53.0452,158.6483,23.59,54,0,6.71,clear sky
424,Buala,SB,-8.145,159.5921,80.02,83,95,5.57,light rain
425,Manzhouli,CN,49.6,117.4333,17.89,68,9,11.72,clear sky
426,Teya,RU,60.3778,92.6267,9.66,86,100,11.23,overcast clouds
427,Mareeba,AU,-17.0,145.4333,81.66,80,100,0.6,overcast clouds
428,Ceska Lipa,CZ,50.6855,14.5376,50.52,89,94,4.32,overcast clouds
429,Lamu,KE,-2.2717,40.902,80.82,88,23,9.91,few clouds
430,Ola,RU,59.5833,151.2833,8.22,74,10,6.24,clear sky
431,Ossora,RU,59.2353,163.0719,14.86,81,15,0.83,few clouds
432,Madang,PG,-5.2246,145.7966,80.98,78,100,4.18,overcast clouds
433,Impfondo,CG,1.6381,18.0667,75.18,71,81,2.48,broken clouds
434,Kaabong,UG,3.4836,34.1492,70.99,62,87,10.87,overcast clouds
435,Manicore,BR,-5.8092,-61.3003,76.19,96,82,0.89,moderate rain
436,Yar-Sale,RU,66.8333,70.8333,-13.22,98,46,7.0,scattered clouds
437,Verkhnyaya Inta,RU,65.9811,60.3094,3.65,95,100,11.05,overcast clouds
438,Brazzaville,CG,-4.2658,15.2832,75.52,85,100,0.87,light rain
439,Tarauaca,BR,-8.1614,-70.7656,74.98,96,76,1.01,broken clouds
440,Pyaozerskiy,RU,65.8333,31.1667,13.64,82,7,13.87,clear sky
441,Bijar,IR,35.8668,47.6051,29.37,71,1,5.64,clear sky
442,Clarence Town,AU,-32.5833,151.7833,68.81,93,100,2.13,heavy intensity rain
443,Viedma,AR,-40.8135,-62.9967,68.31,21,0,8.84,clear sky
444,Mongoumba,CF,3.6415,18.5936,76.06,59,52,2.84,broken clouds
445,Mabaruma,GY,8.2,-59.7833,75.07,84,98,4.97,overcast clouds
446,Lorengau,PG,-2.0226,147.2712,83.84,70,100,5.44,overcast clouds
447,Nieuw Amsterdam,SR,5.8833,-55.0833,80.02,84,75,9.22,broken clouds
448,Bolu,TR,40.6667,31.5833,23.92,83,8,2.68,clear sky
449,Iskateley,RU,67.6803,53.1512,-0.65,95,100,7.58,overcast clouds
450,Harwich,GB,51.9419,1.2844,48.0,85,8,7.0,clear sky
451,Linares,CL,-35.85,-71.6,64.24,43,35,5.03,scattered clouds
452,Concordia,AR,-31.393,-58.0209,69.78,82,96,5.12,overcast clouds
453,Mount Gambier,AU,-37.8333,140.7667,67.23,46,0,6.15,clear sky
454,Marabba,SD,12.35,32.1833,75.2,10,6,15.28,clear sky
455,Aksarka,RU,66.5606,67.7975,-8.81,98,93,6.22,overcast clouds
456,Buguruslan,RU,53.6554,52.442,30.29,95,100,15.99,overcast clouds
457,Kaka,TM,37.3482,59.6143,48.9,67,45,2.42,scattered clouds
458,Herat,AF,34.5,62.0,45.28,56,0,11.12,clear sky
459,Excelsior Springs,US,39.3392,-94.2261,55.71,22,0,9.22,clear sky
460,Wajima,JP,37.4,136.9,48.7,77,100,7.07,overcast clouds
461,Uglovka,RU,58.2392,33.5108,21.94,87,100,19.48,light snow
462,Urumqi,CN,43.801,87.6005,36.55,48,0,2.24,clear sky
463,Mahuva,IN,21.0914,71.7622,82.96,35,2,7.47,clear sky
464,Pakokku,MM,21.3333,95.1,80.26,57,68,4.68,broken clouds
465,Namatanai,PG,-3.6667,152.4333,83.68,70,87,2.46,overcast clouds
466,Pacific Grove,US,36.6177,-121.9166,72.39,78,0,9.22,clear sky
467,Awjilah,LY,29.1081,21.2869,58.75,22,0,9.8,clear sky
468,Sao Filipe,CV,14.8961,-24.4956,70.38,74,57,7.02,broken clouds
469,Rudnogorsk,RU,57.2639,103.7519,16.14,82,98,15.43,overcast clouds
470,Sarila,IN,25.7667,79.6833,76.96,12,0,6.91,clear sky
471,Beringovskiy,RU,63.05,179.3167,9.16,93,93,4.56,overcast clouds
472,Marrakesh,MA,31.6315,-8.0083,60.87,63,2,9.22,clear sky
473,Aranos,NA,-24.1333,19.1167,75.7,44,45,7.85,scattered clouds
474,Ukiah,US,39.1502,-123.2078,77.43,37,0,7.0,clear sky
475,Nome,US,64.5011,-165.4064,26.17,74,20,4.61,few clouds
476,Faya,SA,18.3851,42.4509,59.52,51,1,2.51,clear sky
477,Kayerkan,RU,69.3497,87.7602,1.71,84,99,4.9,overcast clouds
478,Wanning,CN,18.8003,110.3967,76.93,93,43,5.32,scattered clouds
479,Ganzhou,CN,28.8184,115.4327,54.32,94,100,4.38,light rain
480,Barstow,US,34.8986,-117.0228,88.79,9,41,14.14,scattered clouds
481,Altamira,BR,-3.2033,-52.2064,73.35,98,38,3.29,scattered clouds
482,Kieta,PG,-6.2167,155.6333,82.76,74,97,5.41,overcast clouds
483,Opuwo,NA,-18.0607,13.84,66.92,49,2,4.83,clear sky
484,Udachnyy,RU,66.4167,112.4,-1.88,100,100,2.71,overcast clouds
485,Aykhal,RU,66.0,111.5,4.64,100,100,3.49,overcast clouds
486,Coihaique,CL,-45.5752,-72.0662,50.61,87,84,9.82,light rain
487,Proletariy,RU,58.4342,31.7046,24.06,86,100,21.39,light snow
488,Kano,NG,12.0001,8.5167,79.66,11,23,13.56,few clouds
489,Okato,NZ,-39.2,173.8833,67.91,64,32,15.41,scattered clouds
490,Rincon,US,32.296,-81.2354,69.76,23,0,17.27,clear sky
491,Araceli,PH,10.5529,119.9913,83.05,78,99,16.93,overcast clouds
492,Rawson,AR,-43.3002,-65.1023,68.02,40,3,11.27,clear sky
493,Bilma,NE,18.6853,12.9164,73.02,12,51,6.93,broken clouds
494,Ndola,ZM,-12.9587,28.6366,63.19,95,91,2.75,overcast clouds
495,Egvekinot,RU,66.3167,-179.1667,8.42,91,98,3.36,overcast clouds
496,Alta Floresta,BR,-9.8756,-56.0861,74.23,94,100,3.58,overcast clouds
497,Palmital,BR,-22.7889,-50.2175,70.18,93,36,4.38,scattered clouds
498,Muscat,OM,23.6139,58.5922,78.55,59,1,9.13,clear sky
499,Semporna,MY,4.4818,118.6112,79.25,86,71,6.15,broken clouds
500,Tartus,SY,34.889,35.8866,53.71,61,7,8.88,clear sky
501,Shwebo,MM,22.5667,95.7,76.42,62,73,6.49,broken clouds
502,Menongue,AO,-14.6585,17.691,65.64,87,99,1.92,overcast clouds
503,La Paz,BO,-16.5,-68.15,48.29,84,67,6.06,broken clouds
504,Valparaiso,CL,-33.0393,-71.6273,62.47,68,6,9.86,clear sky
505,Ushibuka,JP,32.1906,130.0228,58.82,77,81,7.47,broken clouds
506,Mitchell,US,43.7094,-98.0298,37.74,24,0,13.8,clear sky
507,Requena,ES,39.4883,-1.1004,44.53,82,88,6.17,overcast clouds
508,Verkhnevilyuysk,RU,63.4453,120.3167,7.72,100,100,1.9,overcast clouds
509,Palmer,US,42.1584,-72.3287,44.65,83,100,0.0,overcast clouds
510,Azare,NG,11.6765,10.1948,74.91,11,9,10.83,clear sky
511,Edelira,PY,-26.75,-55.2667,62.78,88,0,2.62,clear sky
512,Kaeo,NZ,-35.1,173.7833,74.32,59,3,3.78,clear sky
513,Longkou,CN,37.6508,120.3286,42.39,63,3,16.93,clear sky
514,Pangoa,PE,-12.1167,-73.0,70.03,95,69,0.74,broken clouds
515,French Harbor,HN,16.35,-86.4333,74.07,96,100,6.91,overcast clouds
516,Cheremshan,RU,54.6667,51.5,30.9,95,100,21.59,light snow
517,Winnemucca,US,40.973,-117.7357,73.45,15,0,4.61,clear sky
518,Mahibadhoo,MV,3.7833,72.9667,81.09,65,34,4.97,scattered clouds
519,Bosaso,SO,11.2842,49.1816,74.86,71,4,1.03,clear sky
520,Auki,SB,-8.7676,160.7034,79.54,84,92,3.0,overcast clouds
521,Mayuge,UG,0.4597,33.4803,66.56,90,100,3.56,overcast clouds
522,Aguimes,ES,27.9054,-15.4461,59.63,72,20,11.5,few clouds
523,Neiafu,TO,-18.65,-173.9833,84.88,74,75,4.61,broken clouds
524,Xuzhou,CN,34.1805,117.1571,48.69,32,100,14.94,overcast clouds
525,Lompoc,US,34.6391,-120.4579,68.85,72,0,12.66,clear sky
526,Ambilobe,MG,-13.2,49.05,74.16,97,6,1.77,clear sky
527,Portales,US,34.1862,-103.3344,84.02,6,6,2.46,clear sky
528,Nhulunbuy,AU,-12.2333,136.7667,83.01,74,75,5.75,broken clouds
529,Haines Junction,CA,60.7522,-137.5108,32.32,72,100,2.91,overcast clouds
530,Sokode,TG,8.9833,1.1333,81.66,55,67,4.38,broken clouds
531,Douentza,ML,14.9951,-2.9517,87.8,18,16,5.55,few clouds
532,Khandyga,RU,62.6667,135.6,-2.85,99,98,1.88,overcast clouds
533,Boca Do Acre,BR,-8.7522,-67.3978,74.66,98,96,3.49,moderate rain
534,Brae,GB,60.3964,-1.353,46.81,93,97,13.89,overcast clouds
535,Correntina,BR,-13.3433,-44.6367,78.75,46,20,2.3,few clouds
536,Jacareacanga,BR,-6.2222,-57.7528,76.48,93,82,2.3,broken clouds
537,Palm City,US,27.1678,-80.2662,77.07,50,0,5.75,clear sky
538,Skibbereen,IE,51.55,-9.2667,51.12,81,0,11.97,clear sky
539,Qasigiannguit,GL,68.8193,-51.1922,14.25,83,100,4.03,overcast clouds
540,Nosy Varika,MG,-20.5833,48.5333,76.48,92,70,4.07,broken clouds
541,Trairi,BR,-3.2778,-39.2689,75.56,93,100,6.96,overcast clouds
542,La Solana,ES,38.9442,-3.2381,44.1,84,80,14.16,broken clouds
543,Poum,NC,-20.2333,164.0167,81.39,68,85,12.21,overcast clouds
544,Kvarkeno,RU,52.0833,59.725,-0.02,99,51,4.63,broken clouds
545,Kilindoni,TZ,-7.9139,39.6668,82.44,79,4,7.67,clear sky
546,Wladyslawowo,PL,54.7909,18.4009,32.94,65,27,8.81,scattered clouds
547,Oktyabrskoye,RU,43.0645,44.7417,24.94,93,99,4.47,overcast clouds
548,Matara,LK,5.9485,80.5353,75.0,91,6,4.16,clear sky
549,Riyadh,SA,24.6877,46.7219,55.54,25,0,10.02,clear sky
550,Mildura,AU,-34.2,142.15,75.07,46,0,9.22,clear sky
551,Zuenoula,CI,7.4292,-6.0431,77.36,84,53,6.55,moderate rain
552,San Isidro,PE,-12.1167,-77.05,70.5,64,0,11.5,clear sky
553,Ponta Delgada,PT,37.7333,-25.6667,59.72,88,75,14.97,broken clouds
554,Bandarbeyla,SO,9.4942,50.8122,75.85,65,52,9.31,broken clouds
555,Malindi,KE,-3.2175,40.1191,79.65,87,33,7.38,scattered clouds
556,Anshun,CN,26.25,105.9333,44.19,88,100,12.03,overcast clouds
557,Rio Bueno,CL,-40.3167,-72.9667,57.34,71,55,6.96,broken clouds
558,Hovd,MN,48.0056,91.6419,24.98,36,53,3.56,broken clouds
559,Comodoro Rivadavia,AR,-45.8667,-67.5,71.46,21,41,12.66,scattered clouds
560,Saint-Augustin,CA,51.226,-58.6502,32.09,98,100,16.24,light snow
561,Akyab,MM,20.15,92.9,76.6,82,42,4.72,scattered clouds
562,Florianopolis,BR,-27.6146,-48.5012,71.69,71,59,3.71,broken clouds
563,Montemor-O-Novo,PT,38.6481,-8.2145,50.95,85,41,7.34,scattered clouds
564,Pombas,CV,17.1503,-25.0201,67.78,72,93,9.53,overcast clouds
565,Yako,BF,12.9667,-2.2667,88.05,12,26,7.02,scattered clouds
566,Peniche,PT,39.3558,-9.3811,57.45,89,62,10.02,broken clouds
567,Mahad,IN,18.0833,73.4167,75.87,74,14,1.88,few clouds
568,Sobolevo,RU,54.4299,31.8996,26.4,82,93,21.36,light snow
569,Ulaanbaatar,MN,47.9077,106.8832,17.6,34,1,2.35,clear sky
570,Ilula,TZ,-7.6766,36.0366,61.65,97,44,3.4,scattered clouds
571,Novoagansk,RU,61.9449,76.6625,15.84,94,100,11.18,overcast clouds
572,Saint-Paul,RE,-21.0096,55.2707,77.11,80,32,0.54,scattered clouds
573,San Carlos De Bariloche,AR,-41.1456,-71.3082,51.55,62,40,23.02,scattered clouds
574,Puerto Escondido,MX,15.85,-97.0667,83.23,69,75,5.75,broken clouds
575,Puksoozero,RU,62.5903,40.6066,18.03,91,100,18.75,light snow
576,Itarema,BR,-2.9248,-39.9167,77.09,89,92,8.59,overcast clouds
577,Houma,US,29.5958,-90.7195,78.01,49,0,10.36,clear sky
578,Kotido,UG,2.9806,34.1331,73.99,64,76,5.01,broken clouds
579,Puerto Maldonado,PE,-12.6,-69.1833,68.4,94,100,2.3,overcast clouds
580,Katobu,ID,-4.9408,122.5276,77.18,92,78,0.96,broken clouds
581,Bataipora,BR,-22.2953,-53.2711,65.59,82,95,0.43,overcast clouds
582,Vredendal,ZA,-31.6683,18.5012,67.1,57,23,3.98,few clouds
583,Aquidauana,BR,-20.4711,-55.7872,73.54,78,98,4.23,overcast clouds
584,Hambantota,LK,6.1241,81.1185,76.46,88,6,4.94,clear sky
585,Tura,IN,25.5198,90.2201,67.71,90,1,6.53,clear sky
586,Novobiryusinskiy,RU,56.9578,97.7076,16.14,90,74,11.39,light snow
587,Cabedelo,BR,-6.9811,-34.8339,79.47,85,92,5.35,overcast clouds
588,Taoudenni,ML,22.6783,-3.9836,83.71,14,38,8.3,scattered clouds
589,Tam Ky,VN,15.5667,108.4833,74.57,81,16,3.24,few clouds
590,Chicama,PE,-7.8447,-79.1469,68.54,68,82,7.31,broken clouds
591,Bubaque,GW,11.2833,-15.8333,77.18,65,20,20.47,few clouds
592,Kungurtug,RU,50.5994,97.5228,3.27,91,72,1.52,broken clouds
593,Aguas Belas,BR,-9.1114,-37.1231,76.69,74,99,8.55,overcast clouds
594,Nathdwara,IN,24.9333,73.8167,76.96,14,1,9.24,clear sky
595,Sao Joao Da Barra,BR,-21.6403,-41.0511,78.03,88,21,15.3,few clouds
596,Honiara,SB,-9.4333,159.95,77.31,90,100,3.65,overcast clouds
597,Pitimbu,BR,-7.4706,-34.8086,79.39,84,99,5.37,overcast clouds
598,Acapulco,MX,16.8634,-99.8901,82.22,65,100,8.05,overcast clouds
599,Waingapu,ID,-9.6567,120.2641,78.98,82,75,2.8,broken clouds
600,Guerrero,MX,17.6667,-100.0,85.26,19,35,2.62,scattered clouds
601,Manhattan,US,40.7834,-73.9662,50.0,50,75,18.41,broken clouds
602,Conde,BR,-7.2597,-34.9075,78.26,94,20,5.75,few clouds
603,Anadyr,RU,64.75,177.4833,3.49,84,88,2.42,overcast clouds
604,Klamath Falls,US,42.2249,-121.7817,71.49,23,0,11.5,clear sky
605,Pandamatenga,BW,-18.5278,25.627,69.39,78,42,2.91,scattered clouds
606,Kenai,US,60.5544,-151.2583,43.03,51,100,11.5,overcast clouds
607,Shahrud,IR,36.4182,54.9763,40.32,53,5,5.01,clear sky
608,Mogwase,ZA,-25.185,27.2665,63.75,85,57,5.55,broken clouds
609,Lagos,NG,6.5833,3.75,81.81,85,14,5.86,few clouds
610,Berezovka,BY,53.7214,25.4993,30.34,68,77,18.59,broken clouds
611,Sindal,DK,57.4712,10.2031,38.93,60,58,6.8,broken clouds
612,Iranshahr,IR,27.2025,60.6848,75.07,19,1,2.84,clear sky
613,Rio Claro,BR,-22.4114,-47.5614,71.15,88,40,2.06,scattered clouds
614,Sangar,RU,63.9242,127.4739,1.56,95,93,4.07,overcast clouds
615,Eureka,US,40.8021,-124.1637,68.67,73,100,5.01,overcast clouds
616,Kwinana,AU,-32.25,115.7667,71.24,100,100,18.59,overcast clouds
617,Yulara,AU,-25.2406,130.9889,73.24,25,0,11.5,clear sky
618,Vila Velha,BR,-20.3297,-40.2925,79.95,85,84,7.0,broken clouds
619,Meadow Lake,US,34.8014,-106.5436,77.86,9,91,3.38,overcast clouds
620,Jucurutu,BR,-6.0339,-37.0203,78.08,86,100,1.97,overcast clouds
621,Dong Hoi,VN,17.4833,106.6,77.67,80,10,4.68,clear sky
622,Dawlatabad,AF,36.4141,64.9053,50.23,41,81,1.52,broken clouds
623,Tigil,RU,57.8,158.6667,19.49,88,99,7.16,overcast clouds
624,Hirara,JP,24.8,125.2833,66.47,94,75,17.27,broken clouds
625,Rowlett,US,32.9029,-96.5639,86.99,19,0,12.66,clear sky
626,Dalby,AU,-27.1833,151.2667,71.55,72,89,8.95,overcast clouds
627,Prince Rupert,CA,54.3161,-130.3201,42.89,93,100,6.91,overcast clouds
628,Naantali,FI,60.4674,22.0243,28.85,54,0,5.75,clear sky
629,Marsh Harbour,BS,26.5412,-77.0636,71.82,58,3,15.41,clear sky
630,Sao Gabriel Da Cachoeira,BR,-0.1303,-67.0892,74.01,99,100,1.83,heavy intensity rain
631,Baykit,RU,61.67,96.37,12.16,93,100,11.03,light snow
632,Puerto Colombia,CO,10.9878,-74.9547,80.69,85,75,19.1,broken clouds
633,Dabola,GN,10.75,-11.1167,87.75,35,83,6.15,broken clouds
634,Oksfjord,NO,70.2396,22.3479,24.87,75,100,8.75,overcast clouds
635,Sumbawanga,TZ,-7.9667,31.6167,58.42,88,55,1.3,broken clouds
636,Normandin,CA,48.8333,-72.5321,29.89,98,100,1.99,overcast clouds
637,Puerto Quijarro,BO,-17.7833,-57.7667,74.59,74,96,2.55,overcast clouds
638,Pishin,PK,30.5803,66.9961,62.65,21,0,0.67,clear sky
639,Port Moresby,PG,-9.4431,147.1797,81.41,75,95,4.27,overcast clouds
640,Dergachi,RU,51.2328,48.7659,36.5,79,69,18.23,broken clouds
641,Katubao,PH,5.8892,124.8294,80.38,80,100,3.0,overcast clouds
642,Kathmandu,NP,27.7167,85.3167,57.42,58,20,2.3,few clouds
643,Simpang,ID,-1.2667,104.0833,74.71,97,18,2.21,few clouds
644,Ulaangom,MN,49.9811,92.0667,1.54,82,89,4.54,overcast clouds
645,Nong Bua,TH,15.8646,100.5858,83.89,67,22,6.71,few clouds
646,Maceio,BR,-9.6658,-35.7353,79.18,83,87,5.84,overcast clouds
647,Maniitsoq,GL,65.4167,-52.9,16.3,80,66,7.92,broken clouds
648,Diego De Almagro,CL,-26.3667,-70.05,69.67,30,0,4.94,clear sky
649,Quesnel,CA,52.9999,-122.5029,41.5,87,100,0.0,mist
650,Taybad,IR,34.74,60.7756,46.02,44,0,14.03,clear sky
651,Yarada,IN,17.65,83.2667,80.13,85,51,13.0,broken clouds
652,Abeche,TD,13.8292,20.8324,73.45,10,3,16.24,clear sky
653,Dwarka,IN,22.2394,68.9678,78.44,69,2,11.48,clear sky
654,Maihar,IN,24.2667,80.75,75.15,12,1,2.21,clear sky
655,Asfi,MA,32.2994,-9.2372,58.1,86,31,9.91,scattered clouds
656,Mirabad,AF,30.4362,61.8383,68.77,19,0,18.61,clear sky
657,San Andres,CO,12.5847,-81.7006,82.42,61,20,6.91,few clouds
658,Semnan,IR,35.5729,53.3971,46.31,37,1,2.46,clear sky
659,Kathu,TH,7.9178,98.3332,86.76,84,1,7.07,clear sky
660,General Roca,AR,-39.0333,-67.5833,70.63,18,1,21.34,clear sky
661,Vetlanda,SE,57.4289,15.0776,33.22,66,95,1.5,overcast clouds
662,Alofi,NU,-19.0595,-169.9187,80.01,84,100,18.1,moderate rain
663,Richards Bay,ZA,-28.783,32.0377,68.38,91,14,5.35,few clouds
664,Eston,CA,51.1501,-108.7514,28.92,45,99,16.26,overcast clouds
665,Yashkino,RU,55.8736,85.4265,-5.22,100,93,1.81,overcast clouds
666,Tzimol,MX,16.2667,-92.2667,72.23,36,100,1.48,overcast clouds
667,Siverek,TR,37.755,39.3167,36.1,99,100,6.64,overcast clouds
668,Russell,US,32.3502,-85.1999,69.08,23,0,16.11,clear sky
669,Canico,PT,32.6333,-16.85,66.06,90,75,20.71,broken clouds
670,Envira,BR,-7.3,-70.2167,75.06,96,65,1.14,broken clouds
671,Novo Aripuana,BR,-5.1206,-60.3797,75.99,97,88,2.42,overcast clouds
672,Mantua,IT,45.1667,10.7833,51.04,60,0,1.99,clear sky
673,Tara,RU,56.8944,74.371,-7.11,100,50,3.56,scattered clouds
674,Terney,RU,45.0503,136.6092,36.48,75,19,12.26,few clouds
675,Zhob,PK,31.3411,69.4481,66.43,15,0,5.26,clear sky
676,Quatre Cocos,MU,-20.2078,57.7625,79.09,79,16,11.1,few clouds
677,Odoyev,RU,53.9393,36.6864,30.15,84,79,16.62,broken clouds
678,Filingue,NE,14.3521,3.3168,84.87,10,46,14.41,scattered clouds
679,Karachi,PK,24.9056,67.0822,73.22,60,2,5.75,clear sky
680,Chauk,MM,20.8833,94.8167,78.57,66,67,1.43,broken clouds
681,Cangucu,BR,-31.395,-52.6756,63.54,71,98,8.1,overcast clouds
682,Hayden,US,47.766,-116.7866,62.2,45,0,1.99,clear sky
683,Tias,ES,28.9611,-13.645,62.28,82,20,11.5,few clouds
684,Kadyy,RU,57.787,43.1903,30.54,94,95,8.68,light snow
685,Yenangyaung,MM,20.4667,94.8833,77.14,74,78,0.89,broken clouds
686,Bambanglipuro,ID,-7.95,110.2833,75.97,88,100,3.56,overcast clouds
687,Sambava,MG,-14.2667,50.1667,77.83,89,9,6.67,clear sky
688,Kirakira,SB,-10.4544,161.9205,83.46,76,87,5.99,overcast clouds
689,Soe,ID,-9.8607,124.284,68.07,89,41,2.62,scattered clouds
690,Alcains,PT,39.9164,-7.4566,47.66,89,21,6.33,few clouds
691,Kendrapara,IN,20.5042,86.416,76.41,94,24,5.57,few clouds
692,Tosno,RU,59.54,30.8775,26.42,81,100,17.9,light snow
693,Gaogou,CN,34.0175,119.1886,49.91,70,100,11.7,overcast clouds
694,Adrar,MR,20.5022,-10.0711,74.1,16,41,3.98,scattered clouds
